Date,Symbol,Open,High,Low,Close,PrevClose,Volume,Turnover,VWAP,Trades,Daily_Return_%,MA_20,MA_50,Daily_Range,Avg_Price,Daily_Volatility_%,Year,Month,Quarter,Day_of_Week,Is_Weekend,MA_5,MA_200,Golden_Cross,Death_Cross,Return_Category,Volume_MA_20,High_Volume
2017-01-02,TATAMOTORS,472.0,488.7,469.05,487.05,472.0,4024156,1930454560.15,479.72,46945.0,3.1885593220339006,466.4700000000001,477.80400000000003,19.649999999999977,481.59999999999997,4.034493378503229,2017,1,1,Monday,False,472.05,473.71625,False,False,Moderate_Positive,7913886.9,False
2017-01-03,TATAMOTORS,491.0,492.7,479.9,481.1,487.05,5814518,2829623413.45,486.65,68062.0,-1.2216404886561931,468.2575,476.825,12.800000000000011,484.5666666666666,2.660569528164625,2017,1,1,Tuesday,False,474.88,474.24825,False,False,Neutral,7926622.65,False
2017-01-04,TATAMOTORS,484.65,493.7,484.1,486.65,481.1,4769872,2333956956.2,489.31,90870.0,1.15360631885262,469.5125,476.11799999999994,9.599999999999966,488.1499999999999,1.9726702969279701,2017,1,1,Wednesday,False,479.53999999999996,474.80799999999994,False,False,Neutral,7756313.5,False
2017-01-05,TATAMOTORS,496.0,503.4,495.55,502.15,486.65,7961242,3984968934.2,500.55,129715.0,3.1850405835816296,471.4150000000001,475.421,7.849999999999966,500.3666666666666,1.5632779050084569,2017,1,1,Thursday,False,485.78999999999996,475.43275,False,True,Moderate_Positive,7869831.75,True
2017-01-06,TATAMOTORS,502.95,507.95,496.25,497.75,502.15,4907475,2463423038.8,501.97,83283.0,-0.8762322015334019,473.5825,474.737,11.699999999999989,500.65000000000003,2.3505775991963813,2017,1,1,Friday,False,490.93999999999994,476.0365,False,False,Neutral,7923316.2,False
2017-01-09,TATAMOTORS,499.4,504.6,492.15,500.15,497.75,3932710,1967232558.05,500.22,50574.0,0.4821697639377151,475.0575,474.12799999999993,12.450000000000045,498.9666666666667,2.489253224032799,2017,1,1,Monday,False,493.56000000000006,476.72074999999995,False,False,Neutral,4925931.5,False
2017-01-10,TATAMOTORS,506.55,518.0,505.95,516.25,500.15,7973024,4089968794.35,512.98,118993.0,3.2190342897130906,477.25249999999994,474.18699999999995,12.050000000000011,513.4,2.3341404358353532,2017,1,1,Tuesday,False,500.59,477.43975,False,False,Moderate_Positive,4941560.85,True
2017-01-11,TATAMOTORS,520.25,523.95,517.15,519.25,516.25,4886398,2540172057.05,519.85,79188.0,0.5811138014527845,480.055,474.36799999999994,6.800000000000068,520.1166666666667,1.309581126624953,2017,1,1,Wednesday,False,507.11,478.09299999999996,False,False,Neutral,4858927.4,True
2017-01-12,TATAMOTORS,521.7,524.0,513.2,518.25,519.25,4219627,2187594098.15,518.43,58936.0,-0.1925854597977852,482.31000000000006,474.48699999999997,10.799999999999955,518.4833333333333,2.0839363241678637,2017,1,1,Thursday,False,510.3299999999999,478.75125,False,False,Neutral,4619121.55,False
2017-01-13,TATAMOTORS,523.25,523.25,507.5,514.85,518.25,6367248,3262892870.9,512.45,91625.0,-0.6560540279787703,484.4625,474.65700000000004,15.75,515.1999999999999,3.059143439836846,2017,1,1,Friday,False,513.75,479.42724999999996,False,False,Neutral,4665202.75,True
2017-01-16,TATAMOTORS,518.65,529.45,517.0,526.4,514.85,6084582,3190932912.9,524.43,76463.0,2.2433718558803446,487.125,474.381,12.450000000000045,524.2833333333333,2.365121580547121,2017,1,1,Monday,False,519.0,480.11725,False,False,Moderate_Positive,4784923.85,True
2017-01-17,TATAMOTORS,528.1,530.8,521.0,523.7,526.4,4297426,2261205608.65,526.18,59209.0,-0.5129179331306861,489.88500000000005,474.185,9.799999999999955,525.1666666666666,1.8713003628031226,2017,1,1,Tuesday,False,520.49,480.88325,False,False,Neutral,4825152.35,False
2017-01-18,TATAMOTORS,523.05,529.6,521.2,522.45,523.7,5874608,3080413159.35,524.36,47816.0,-0.2386862707657055,492.5275,473.96,8.399999999999977,524.4166666666667,1.60780935974734,2017,1,1,Wednesday,False,521.1299999999999,481.612,False,False,Neutral,4847058.05,True
2017-01-19,TATAMOTORS,523.0,535.6,522.7,531.45,522.45,5810128,3089895902.5,531.81,93713.0,1.722652885443583,495.8175,474.44300000000004,12.899999999999977,529.9166666666667,2.4273214789726176,2017,1,1,Thursday,False,523.77,482.39325,False,False,Neutral,4939671.75,True
2017-01-20,TATAMOTORS,527.4,529.3,521.25,523.2,531.45,5013928,2631946677.0,524.93,95695.0,-1.552356759808072,499.08500000000004,475.759,8.049999999999955,524.5833333333334,1.5386085626911228,2017,1,1,Friday,False,525.4399999999999,483.152,False,False,Neutral,5026246.9,False
2017-01-23,TATAMOTORS,523.2,534.95,523.0,532.7,523.2,4209879,2234307172.5,530.73,65587.0,1.815749235474006,502.8275,477.2439999999999,11.950000000000045,530.2166666666667,2.2432889055753793,2017,1,1,Monday,False,526.7,483.88225,False,False,Neutral,5072619.6,False
2017-01-24,TATAMOTORS,533.0,543.0,532.35,541.55,532.7,5183630,2800288428.45,540.22,70595.0,1.6613478505725376,506.55750000000006,478.90600000000006,10.649999999999977,538.9666666666666,1.9665774166743568,2017,1,1,Tuesday,False,530.2700000000001,484.611,False,False,Neutral,5173567.9,True
2017-01-25,TATAMOTORS,543.25,551.9,541.55,548.9,541.55,4504941,2458661120.25,545.77,96866.0,1.357215400240056,510.83500000000004,480.42699999999996,10.350000000000023,547.4499999999999,1.8855893605392644,2017,1,1,Wednesday,False,535.5600000000001,485.31174999999996,False,False,Neutral,5210205.9,False
2017-01-27,TATAMOTORS,549.0,552.0,539.75,541.95,548.9,4493803,2448039954.25,544.76,71162.0,-1.2661687010384282,514.3875,481.841,12.25,544.5666666666667,2.2603561214134142,2017,1,1,Friday,False,537.6600000000001,485.9847500000001,False,False,Neutral,5196737.5,False
2017-01-30,TATAMOTORS,542.0,543.5,530.8,532.3,541.95,4163428,2227952952.45,535.12,68161.0,-1.7806070670726248,517.4025,483.34799999999996,12.700000000000045,535.5333333333333,2.3858726282171796,2017,1,1,Monday,False,539.48,486.62575,False,False,Neutral,5224631.15,False
2017-01-31,TATAMOTORS,530.2,531.5,518.0,523.55,532.3,6035022,3170512183.75,525.35,89536.0,-1.6438098816456883,519.2275,484.522,13.5,524.35,2.578550281730494,2017,1,1,Tuesday,False,537.65,487.186,False,False,Neutral,5325174.45,True
2017-02-01,TATAMOTORS,527.5,544.5,522.9,542.25,523.55,4786720,2560622924.35,534.94,68602.0,3.5717696495081745,522.2850000000001,485.93699999999995,21.600000000000023,536.5500000000001,3.98340248962656,2017,2,1,Wednesday,False,537.79,487.81225,False,False,Moderate_Positive,5273784.55,False
2017-02-02,TATAMOTORS,537.6,537.6,526.8,531.5,542.25,6579801,3493238632.4,530.9,97475.0,-1.98248040571692,524.5274999999999,487.508,10.800000000000068,531.9666666666667,2.0319849482596553,2017,2,1,Thursday,False,534.3100000000001,488.40875,False,False,Neutral,5364281.0,True
2017-02-03,TATAMOTORS,531.9,531.9,519.5,522.6,531.5,5298261,2778383924.4,524.4,88449.0,-1.674506114769516,525.55,488.913,12.399999999999977,524.6666666666666,2.372751626482965,2017,2,1,Friday,False,530.4399999999999,488.92650000000003,False,False,Neutral,5231131.95,True
2017-02-06,TATAMOTORS,527.9,531.45,523.2,525.85,522.6,3642527,1921753045.95,527.59,65553.0,0.6218905472636815,526.955,490.336,8.25,526.8333333333334,1.568888466292669,2017,2,1,Monday,False,529.15,489.46299999999997,True,False,Neutral,5167884.55,False
2017-02-07,TATAMOTORS,524.8,524.8,502.0,506.8,525.85,7987282,4088778845.85,511.91,132944.0,-3.6227060948939833,527.2875,491.275,22.799999999999955,511.2,4.498816101026037,2017,2,1,Tuesday,False,525.8,489.94025,False,False,Moderate_Negative,5370613.15,True
2017-02-08,TATAMOTORS,512.35,514.95,506.3,513.05,506.8,5975054,3062802064.9,512.6,103444.0,1.2332280978689707,527.1274999999999,492.35,8.650000000000034,511.43333333333334,1.6859955170061465,2017,2,1,Wednesday,False,519.96,490.46375,False,False,Neutral,5270714.65,True
2017-02-09,TATAMOTORS,515.4,518.0,505.75,512.85,513.05,4099871,2100388447.4,512.31,59432.0,-0.038982555306487,526.8075,493.64300000000003,12.25,512.1999999999999,2.3886126547723507,2017,2,1,Thursday,False,516.23,490.9895,False,False,Neutral,5231388.3,False
2017-02-10,TATAMOTORS,513.0,514.8,506.5,509.55,512.85,4732032,2412820666.35,509.89,55363.0,-0.6434630008774518,526.3725000000001,495.176,8.299999999999955,510.2833333333333,1.6288882347168983,2017,2,1,Friday,False,513.62,491.4889999999999,False,False,Neutral,5257008.55,False
2017-02-10,TATAMOTORS,513.0,514.8,506.5,509.55,512.85,4732032,2412820666.35,509.89,55363.0,-0.6434630008774518,526.1075,496.58099999999996,8.299999999999955,510.2833333333333,1.6288882347168983,2017,2,1,Friday,False,510.36,492.12775,False,False,Neutral,5175247.75,False
2017-02-13,TATAMOTORS,512.7,512.7,503.3,505.3,509.55,4700518,2379145841.7,506.15,75275.0,-0.8340692768128741,525.0525,497.865,9.400000000000034,507.09999999999997,1.860281021175546,2017,2,1,Monday,False,510.06000000000006,492.69849999999997,False,False,Neutral,5106044.55,False
2017-02-14,TATAMOTORS,503.0,506.7,466.55,482.05,505.3,14901414,7316277886.5,490.98,145070.0,-4.601226993865031,522.97,498.599,40.14999999999998,485.09999999999997,8.329011513328489,2017,2,1,Tuesday,False,503.86,493.11525,False,False,Moderate_Negative,5636243.95,True
2017-02-15,TATAMOTORS,449.05,453.0,434.35,436.45,482.05,38638630,17183214725.7,444.72,401225.0,-9.459599626594756,518.6700000000001,498.09700000000004,18.649999999999977,441.26666666666665,4.273112613128646,2017,2,1,Wednesday,False,488.58000000000004,493.28074999999995,False,False,Strong_Negative,7274445.05,True
2017-02-16,TATAMOTORS,442.55,447.6,435.4,446.0,436.45,11622714,5148622594.65,442.98,142277.0,2.1881086035055586,514.3975,497.735,12.200000000000045,443.0,2.73542600896862,2017,2,1,Thursday,False,475.87,493.566,False,False,Moderate_Positive,7565074.35,True
2017-02-17,TATAMOTORS,447.9,456.6,442.4,452.95,446.0,10063504,4537448625.25,450.88,119408.0,1.558295964125558,510.88499999999993,497.70599999999996,14.200000000000045,450.65000000000003,3.1350038635611095,2017,2,1,Friday,False,464.55,493.9315,False,False,Neutral,7817553.15,True
2017-02-20,TATAMOTORS,451.5,458.45,449.0,455.45,452.95,5866707,2664359115.95,454.15,80177.0,0.5519372999227288,507.02250000000004,497.402,9.449999999999989,454.3,2.074871006696671,2017,2,1,Monday,False,454.58000000000004,494.2735,False,False,Neutral,7900394.55,False
2017-02-21,TATAMOTORS,456.9,462.8,454.5,458.65,455.45,6875914,3157069433.85,459.15,87494.0,0.7026018223734742,502.87750000000005,497.12800000000004,8.300000000000011,458.6499999999999,1.8096587812057152,2017,2,1,Tuesday,False,449.9,494.617,False,False,Neutral,7985008.75,False
2017-02-22,TATAMOTORS,460.25,466.7,455.8,460.05,458.65,7315280,3381506232.0,462.25,131789.0,0.3052436498419348,498.43499999999995,497.065,10.899999999999977,460.84999999999997,2.369307683947392,2017,2,1,Wednesday,False,454.62,494.95375,False,False,Neutral,8125525.7,False
2017-02-23,TATAMOTORS,464.0,464.7,457.25,462.35,460.05,9492419,4381698081.15,461.6,92180.0,0.4999456580806459,494.45500000000004,496.84899999999993,7.449999999999989,461.4333333333334,1.6113334054287851,2017,2,1,Thursday,False,457.89,495.31699999999995,False,False,Neutral,8375456.5,True
2017-02-27,TATAMOTORS,464.0,464.0,455.1,457.8,462.35,5510484,2524012401.15,458.04,89343.0,-0.9841029523088592,490.73,496.569,8.899999999999977,458.9666666666667,1.9440803844473518,2017,2,1,Monday,False,458.86,495.68175,False,False,Neutral,8442809.3,False
2017-02-28,TATAMOTORS,460.0,460.0,454.1,456.75,457.8,5722402,2611247300.2,456.32,87772.0,-0.2293577981651401,487.39000000000004,496.24100000000004,5.899999999999977,456.95,1.291735084838528,2017,2,1,Tuesday,False,459.12,496.031,False,False,Neutral,8427178.3,False
2017-03-01,TATAMOTORS,455.9,455.9,448.0,449.45,456.75,8367579,3772609957.8,450.86,141268.0,-1.5982484948002214,482.75,495.86,7.899999999999977,451.1166666666666,1.7577038602736628,2017,3,1,Wednesday,False,457.28000000000003,496.356,False,True,Neutral,8606221.25,False
2017-03-02,TATAMOTORS,457.85,467.9,453.2,461.7,449.45,13667695,6328545943.3,463.03,147115.0,2.725553454221827,479.26000000000005,495.702,14.699999999999989,460.93333333333334,3.1838856400259887,2017,3,1,Thursday,False,457.60999999999996,496.75575,False,False,Moderate_Positive,8960615.95,True
2017-03-03,TATAMOTORS,463.3,466.85,458.6,459.95,461.7,7085620,3269498014.15,461.43,111096.0,-0.3790340047649989,476.12749999999994,495.588,8.25,461.8,1.7936732253505818,2017,3,1,Friday,False,457.13,497.11,False,False,Neutral,9049983.9,False
2017-03-06,TATAMOTORS,462.5,472.7,462.1,470.8,459.95,4036291,1888121220.65,467.79,59743.0,2.3589520600065272,473.375,495.847,10.599999999999966,468.5333333333333,2.251486830926076,2017,3,1,Monday,False,459.73,497.4789999999999,False,False,Moderate_Positive,9069672.1,False
2017-03-07,TATAMOTORS,469.5,475.9,466.05,467.55,470.8,7114541,3346950382.7,470.44,114627.0,-0.6903143585386575,471.4125,496.041,9.849999999999966,469.8333333333333,2.106726553309799,2017,3,1,Tuesday,False,461.89,497.8205,False,False,Neutral,9026035.05,False
2017-03-08,TATAMOTORS,469.4,469.6,461.15,462.8,467.55,5351597,2478399752.2,463.11,99533.0,-1.0159341246925462,468.9000000000001,495.958,8.450000000000045,464.51666666666665,1.8258426966292232,2017,3,1,Wednesday,False,464.56000000000006,498.115,False,False,Neutral,8994862.2,False
2017-03-09,TATAMOTORS,462.45,469.7,462.0,467.6,462.8,3837624,1792024214.35,466.96,80242.0,1.037165082108905,466.6375,496.043,7.699999999999989,466.4333333333334,1.6467065868263446,2017,3,1,Thursday,False,465.73999999999995,498.34675000000004,False,False,Neutral,8981749.85,False
2017-03-10,TATAMOTORS,471.0,471.85,465.1,469.1,467.6,5766815,2703259475.7,468.76,81483.0,0.320786997433704,464.61499999999995,496.00699999999995,6.75,468.6833333333334,1.4389256022170112,2017,3,1,Friday,False,467.57000000000005,498.394,False,False,Neutral,9033489.0,False
2017-03-14,TATAMOTORS,481.0,483.0,468.45,469.75,469.1,6348198,3001306158.75,472.78,83544.0,0.138563206139411,462.625,495.962,14.550000000000011,473.73333333333335,3.097392229909529,2017,3,1,Tuesday,False,467.36,498.49674999999996,False,False,Neutral,9114297.3,False
2017-03-15,TATAMOTORS,475.0,476.55,470.65,473.45,469.75,4801312,2273795056.9,473.58,80630.0,0.7876530069185712,461.03249999999997,495.69,5.900000000000034,473.55,1.2461717182384697,2017,3,1,Wednesday,False,468.53999999999996,498.59674999999993,False,False,Neutral,9119337.0,False
2017-03-16,TATAMOTORS,478.7,482.0,476.15,480.95,473.45,6272947,3006025888.95,479.2,77790.0,1.5841165909810964,460.97749999999996,495.68699999999995,5.850000000000023,479.7,1.2163426551616638,2017,3,1,Thursday,False,472.16999999999996,498.73175000000003,False,False,Neutral,8687913.65,False
2017-03-17,TATAMOTORS,481.35,484.2,471.7,476.5,480.95,6338248,3024838069.45,477.24,81247.0,-0.9252521052084391,462.9799999999999,495.48400000000004,12.5,477.4666666666667,2.6232948583420774,2017,3,1,Friday,False,473.95,498.81175,False,False,Neutral,7072894.55,False
2017-03-20,TATAMOTORS,476.55,478.2,470.75,476.0,476.5,2871104,1361646343.0,474.26,42534.0,-0.1049317943336831,464.4799999999999,494.961,7.449999999999989,474.98333333333335,1.5651260504201656,2017,3,1,Monday,False,475.33000000000004,498.8765,False,False,Neutral,6635314.05,False
2017-03-21,TATAMOTORS,478.0,478.05,470.65,473.75,476.0,4685410,2216815931.75,473.13,67629.0,-0.4726890756302521,465.52,494.481,7.400000000000034,474.15000000000003,1.562005277044862,2017,3,1,Tuesday,False,476.13,498.91450000000003,False,False,Neutral,6366409.35,False
2017-03-22,TATAMOTORS,469.95,469.95,458.5,459.9,473.75,4695648,2177713559.0,463.77,88765.0,-2.9234828496042264,465.7425,493.67600000000004,11.449999999999989,462.7833333333333,2.4896716677538575,2017,3,1,Wednesday,False,473.41999999999996,498.87825,False,False,Moderate_Negative,6307856.4,False
2017-03-22,TATAMOTORS,469.95,469.95,458.5,459.9,473.75,4695648,2177713559.0,463.77,88765.0,-2.9234828496042264,465.805,492.54900000000004,11.449999999999989,462.7833333333333,2.4896716677538575,2017,3,1,Wednesday,False,469.2099999999999,498.842,False,False,Moderate_Negative,6198843.1,False
2017-03-23,TATAMOTORS,461.3,477.0,461.3,472.9,459.9,8665384,4074767238.05,470.24,102038.0,2.826701456838443,466.44750000000005,491.62200000000007,15.699999999999989,470.3999999999999,3.319940790864874,2017,3,1,Thursday,False,468.48999999999995,498.92175000000003,False,False,Moderate_Positive,6266348.3,True
2017-03-24,TATAMOTORS,470.75,474.8,467.55,470.4,472.9,4296510,2024466461.8,471.19,50444.0,-0.5286529921759358,466.85,490.665,7.25,470.9166666666667,1.5412414965986396,2017,3,1,Friday,False,467.37,499.0525,False,False,Neutral,6006552.85,False
2017-03-27,TATAMOTORS,469.0,469.15,462.1,464.75,470.4,4417413,2053720809.45,464.91,52758.0,-1.201105442176866,467.19749999999993,489.66299999999995,7.0499999999999545,465.3333333333333,1.5169445938676611,2017,3,1,Monday,False,465.57,499.13424999999995,False,False,Neutral,5951899.3,False
2017-03-28,TATAMOTORS,467.5,473.0,467.5,472.4,464.75,2982614,1405784386.65,471.33,57847.0,1.646046261430872,467.9799999999999,488.583,5.5,470.9666666666667,1.1642675698560543,2017,3,1,Tuesday,False,468.07,499.23575000000005,False,False,Neutral,5814909.9,False
2017-03-29,TATAMOTORS,474.9,475.0,463.6,469.05,472.4,6680569,3142082820.35,470.33,72109.0,-0.7091447925486803,468.96000000000004,487.49,11.399999999999977,469.2166666666667,2.4304445155100685,2017,3,1,Wednesday,False,469.9,499.30924999999996,False,False,Neutral,5730559.4,True
2017-03-30,TATAMOTORS,463.5,469.8,462.85,468.4,469.05,9482785,4435430887.0,467.74,97499.0,-0.1385779767615465,469.29499999999996,486.409,6.949999999999989,467.0166666666667,1.483774551665241,2017,3,1,Thursday,False,469.0,499.32925,False,False,Neutral,5521313.9,True
2017-03-31,TATAMOTORS,466.5,472.5,464.5,465.85,468.4,6400088,2995607487.2,468.06,98614.0,-0.5444064901793242,469.59000000000003,485.097,8.0,467.6166666666666,1.7172909734893205,2017,3,1,Friday,False,468.09,499.24825,False,False,Neutral,5487037.3,True
2017-04-03,TATAMOTORS,468.25,472.3,467.6,470.4,465.85,2951896,1386857116.8,469.82,63896.0,0.9767092411720412,469.57,484.041,4.699999999999989,470.1000000000001,0.9991496598639432,2017,4,2,Monday,False,469.21999999999997,499.17575000000005,False,False,Neutral,5432817.55,False
2017-04-05,TATAMOTORS,470.4,475.0,467.25,473.5,470.4,5287168,2497794471.5,472.43,102107.0,0.6590136054421818,469.8675,482.857,7.75,471.9166666666667,1.6367476240760297,2017,4,2,Wednesday,False,469.43999999999994,499.17975,False,False,Neutral,5341448.9,False
2017-04-06,TATAMOTORS,474.3,478.5,470.6,473.2,473.5,6703078,3178720879.3,474.22,98853.0,-0.0633579725448809,470.38749999999993,481.49,7.899999999999977,474.09999999999997,1.6694843617920494,2017,4,2,Thursday,False,470.27,499.106,False,False,Neutral,5409022.95,True
2017-04-07,TATAMOTORS,468.45,480.55,466.65,468.3,473.2,8089461,3826276978.35,473.0,70318.0,-1.035502958579877,470.4225,479.87800000000004,13.900000000000034,471.8333333333333,2.9681827888105987,2017,4,2,Friday,False,470.25,499.20050000000003,False,False,Neutral,5621614.8,True
2017-04-10,TATAMOTORS,471.65,478.3,467.55,474.9,468.3,5437523,2575468754.95,473.65,79713.0,1.409352978859698,470.7125,478.537,10.75,473.5833333333333,2.2636344493577596,2017,4,2,Monday,False,472.06000000000006,499.33025000000004,False,False,Neutral,5605150.2,False
2017-04-11,TATAMOTORS,477.9,478.35,471.1,472.25,474.9,4887918,2320245927.45,474.69,82164.0,-0.5580122130974895,470.8375,477.336,7.25,473.90000000000003,1.5352038115404976,2017,4,2,Tuesday,False,472.43,499.48949999999996,False,False,Neutral,5532136.2,False
2017-04-12,TATAMOTORS,468.7,471.55,461.6,464.55,472.25,5991598,2795199048.4,466.52,64481.0,-1.63049232398094,470.3924999999999,476.15600000000006,9.949999999999989,465.90000000000003,2.1418577117640702,2017,4,2,Wednesday,False,470.64,499.57599999999996,False,False,Neutral,5591650.5,True
2017-04-13,TATAMOTORS,461.85,463.35,451.2,453.35,464.55,5930185,2705876858.05,456.29,80667.0,-2.4109353137444813,469.0125,474.37800000000004,12.150000000000034,455.9666666666667,2.680048527627668,2017,4,2,Thursday,False,466.66999999999996,499.54650000000004,False,False,Moderate_Negative,5574512.4,True
2017-04-17,TATAMOTORS,452.0,455.7,447.3,449.2,453.35,4913930,2216066751.3,450.98,72168.0,-0.9154075217822948,467.64750000000004,472.732,8.399999999999977,450.73333333333335,1.8699910952804937,2017,4,2,Monday,False,462.85,499.50300000000004,False,False,Neutral,5503296.5,False
2017-04-18,TATAMOTORS,452.0,455.75,442.5,443.7,449.2,4235130,1906370784.1,450.13,60493.0,-1.22439893143366,466.03249999999997,471.154,13.25,447.31666666666666,2.9862519720531893,2017,4,2,Tuesday,False,456.60999999999996,499.374,False,False,Neutral,5571497.8,False
2017-04-19,TATAMOTORS,443.0,449.5,438.3,443.05,443.7,6319332,2800278933.85,443.13,111923.0,-0.1464953797610947,464.49750000000006,469.49800000000005,11.199999999999989,443.6166666666666,2.527931384719555,2017,4,2,Wednesday,False,450.77,499.28475,False,False,Neutral,5653193.9,True
2017-04-20,TATAMOTORS,447.85,447.85,442.1,443.95,443.05,3288900,1462381836.5,444.64,76823.0,0.2031373434149593,463.69999999999993,468.24100000000004,5.75,444.6333333333334,1.2951908998761121,2017,4,2,Thursday,False,446.65,499.22875,False,False,Neutral,5582856.5,False
2017-04-21,TATAMOTORS,446.75,448.45,437.6,440.6,443.95,5325590,2355076108.0,442.22,69405.0,-0.7545894807973794,462.73499999999996,466.792,10.849999999999966,442.2166666666667,2.4625510667271824,2017,4,2,Friday,False,444.1,499.10025,False,False,Neutral,5614353.6,False
2017-04-24,TATAMOTORS,439.8,449.0,438.75,443.85,440.6,6214069,2762823474.8,444.61,92562.0,0.7376305038583749,461.28249999999997,465.412,10.25,443.8666666666666,2.309338740565506,2017,4,2,Monday,False,443.03000000000003,498.8965,False,False,Neutral,5491787.85,True
2017-04-25,TATAMOTORS,445.85,447.75,443.3,445.65,443.85,5894090,2628143565.85,445.89,101967.0,0.4055424129773469,460.04499999999996,464.134,4.449999999999989,445.5666666666666,0.9985414562997843,2017,4,2,Tuesday,False,443.41999999999996,498.70325,False,False,Neutral,5571666.85,True
2017-04-26,TATAMOTORS,446.0,454.4,445.5,450.8,445.65,8438042,3806001313.35,451.05,91539.0,1.1556153932458284,459.3475,462.959,8.899999999999977,450.23333333333335,1.9742679680567827,2017,4,2,Wednesday,False,444.96999999999997,498.55174999999997,False,False,Neutral,5772698.3,True
2017-04-27,TATAMOTORS,455.0,460.9,452.7,455.35,450.8,10589249,4844331314.75,457.48,97674.0,1.009316770186338,458.49500000000006,461.96,8.199999999999989,456.3166666666666,1.800812561765672,2017,4,2,Thursday,False,447.25,498.398,False,False,Neutral,6153030.05,True
2017-04-28,TATAMOTORS,457.1,462.0,454.4,458.9,455.35,5126904,2351224867.35,458.61,53954.0,0.779620072471715,457.9875,461.49699999999996,7.600000000000023,458.43333333333334,1.6561342340379217,2017,4,2,Friday,False,450.91,498.2225,False,False,Neutral,6075346.8,False
2017-05-02,TATAMOTORS,456.6,457.2,448.55,451.25,458.9,6071958,2741058005.55,451.43,103502.0,-1.667029853998688,457.13,461.79299999999995,8.649999999999977,452.3333333333333,1.9168975069252026,2017,5,2,Tuesday,False,452.39,498.0155,False,False,Neutral,5904805.45,True
2017-05-03,TATAMOTORS,451.35,456.0,444.65,446.6,451.25,5158586,2327746874.45,451.24,74634.0,-1.0304709141274186,456.1674999999999,461.805,11.350000000000023,449.0833333333333,2.541424093148236,2017,5,2,Wednesday,False,452.58000000000004,497.75225,False,False,Neutral,5842730.35,False
2017-05-04,TATAMOTORS,446.65,448.1,435.15,436.5,446.6,6204022,2727005102.45,439.55,101288.0,-2.2615315718764046,454.4725,461.47600000000006,12.950000000000045,439.9166666666667,2.966781214203905,2017,5,2,Thursday,False,449.71999999999997,497.4385,False,False,Moderate_Negative,6005336.65,True
2017-05-05,TATAMOTORS,436.5,436.5,418.0,419.6,436.5,9487539,4017457883.3,423.45,180107.0,-3.871706758304691,451.7775,460.759,18.5,424.7,4.408960915157293,2017,5,2,Friday,False,442.57,497.06700000000006,False,False,Moderate_Negative,6215355.2,True
2017-05-08,TATAMOTORS,424.75,428.7,417.25,422.65,419.6,7427873,3149586024.5,424.02,104688.0,0.7268827454718672,449.25,460.039,11.449999999999989,422.8666666666666,2.7090973618833525,2017,5,2,Monday,False,435.32,496.725,False,False,Neutral,6251594.95,True
2017-05-09,TATAMOTORS,424.75,428.8,422.7,426.8,422.65,2833132,1208455011.55,426.54,45090.0,0.9818999171891718,447.175,459.374,6.100000000000023,426.09999999999997,1.4292408622305581,2017,5,2,Tuesday,False,430.43,496.32300000000004,False,False,Neutral,5988778.5,False
2017-05-10,TATAMOTORS,427.8,433.0,424.0,432.3,426.8,5378402,2315910015.85,430.59,57789.0,1.2886597938144329,445.04499999999996,458.773,9.0,429.76666666666665,2.081887578070784,2017,5,2,Wednesday,False,427.57,495.93950000000007,False,False,Neutral,5985822.45,False
2017-05-11,TATAMOTORS,434.0,434.5,425.4,427.45,432.3,4049649,1738626700.25,429.33,59226.0,-1.12190608373815,442.805,458.166,9.100000000000023,429.1166666666666,2.128903965376073,2017,5,2,Thursday,False,425.76000000000005,495.56050000000005,False,False,Neutral,5943909.0,False
2017-05-12,TATAMOTORS,429.65,433.8,427.45,430.85,427.45,3850940,1658022369.65,430.55,53836.0,0.7954146683822749,441.12000000000006,457.64799999999997,6.350000000000023,430.7,1.4738307995822264,2017,5,2,Friday,False,428.01000000000005,495.16425,False,False,Neutral,5836876.1,False
2017-05-15,TATAMOTORS,434.0,434.0,430.1,431.9,430.85,1885702,814259796.7,431.81,28960.0,0.2437043054427189,440.0475,457.297,3.8999999999999773,432.0,0.9029868025005737,2017,5,2,Monday,False,429.86,494.78950000000003,False,False,Neutral,5634651.95,False
2017-05-16,TATAMOTORS,432.25,439.5,432.25,437.25,431.9,3452072,1509944740.65,437.4,46286.0,1.238712664968748,439.45,456.80800000000005,7.25,436.3333333333333,1.6580903373356204,2017,5,2,Tuesday,False,431.95,494.45975,False,False,Neutral,5561559.05,False
2017-05-17,TATAMOTORS,436.5,452.5,435.1,449.1,437.25,6572678,2928371955.75,445.54,90983.0,2.71012006861064,439.7200000000001,456.591,17.399999999999977,445.56666666666666,3.874415497661986,2017,5,2,Wednesday,False,435.30999999999995,494.16399999999993,False,False,Moderate_Positive,5678436.45,True
2017-05-18,TATAMOTORS,442.0,448.7,436.0,437.95,449.1,6158546,2721227264.35,441.86,85075.0,-2.4827432643063982,439.465,455.934,12.699999999999989,440.8833333333334,2.8998744148875417,2017,5,2,Thursday,False,437.41,493.88725000000005,False,False,Moderate_Negative,5670397.15,True
2017-05-19,TATAMOTORS,439.0,444.95,434.6,443.35,437.95,4387481,1933946988.15,440.79,56380.0,1.2330174677474677,439.43500000000006,455.45,10.349999999999966,440.9666666666667,2.3344987030562683,2017,5,2,Friday,False,439.91,493.712,False,False,Neutral,5725326.2,False
2017-05-22,TATAMOTORS,446.0,452.75,442.6,449.65,443.35,6145914,2761600251.9,449.34,72517.0,1.420999210555984,439.8875,455.18699999999995,10.149999999999977,448.3333333333333,2.2573112420771664,2017,5,2,Monday,False,443.46000000000004,493.46025000000003,False,False,Neutral,5766342.4,True
2017-05-23,TATAMOTORS,451.45,456.45,444.3,450.5,449.65,10330814,4655154408.05,450.61,115609.0,0.1890359168242016,440.21999999999997,454.845,12.149999999999977,450.4166666666667,2.697003329633735,2017,5,2,Tuesday,False,446.11,493.13075000000003,False,False,Neutral,5972179.65,True
2017-05-24,TATAMOTORS,470.0,473.35,458.1,469.55,450.5,27370795,12793024595.7,467.4,284148.0,4.228634850166484,441.4150000000001,454.85400000000004,15.25,467.0,3.2477904376530717,2017,5,2,Wednesday,False,450.2,492.9045,False,False,Moderate_Positive,7046014.9,True
2017-05-25,TATAMOTORS,470.0,479.0,464.7,476.0,469.55,15108872,7171053738.75,474.63,140653.0,1.373655627728674,442.675,454.97900000000004,14.300000000000011,473.23333333333335,3.0042016806722716,2017,5,2,Thursday,False,457.81000000000006,492.71549999999996,False,False,Neutral,7379556.4,True
2017-05-26,TATAMOTORS,474.1,488.25,473.5,481.1,476.0,7692869,3715234350.9,482.95,92823.0,1.071428571428576,443.9625000000001,455.13200000000006,14.75,480.95,3.065890667220952,2017,5,2,Friday,False,465.36,492.60375,False,False,Neutral,7234737.4,True
2017-05-29,TATAMOTORS,482.5,485.0,471.8,481.5,481.1,4253044,2034417028.15,478.34,62207.0,0.0831427977551397,445.09250000000003,455.14300000000003,13.199999999999989,479.43333333333334,2.7414330218068512,2017,5,2,Monday,False,471.73,492.495,False,False,Neutral,7191044.4,False
2017-05-30,TATAMOTORS,482.7,487.0,480.0,481.3,481.5,3101380,1501931833.25,484.28,58344.0,-0.0415368639667681,446.59499999999997,455.23900000000003,7.0,482.76666666666665,1.4543943486391024,2017,5,2,Tuesday,False,477.89,492.3175,False,False,Neutral,7042515.5,False
2017-05-31,TATAMOTORS,482.3,483.0,474.8,476.15,481.3,5393856,2578617548.2,478.07,97567.0,-1.0700186993559182,448.07249999999993,455.24199999999996,8.199999999999989,477.9833333333333,1.7221463824425052,2017,5,2,Wednesday,False,479.21000000000004,492.16025,False,False,Neutral,7054279.0,False
2017-06-01,TATAMOTORS,476.95,479.7,473.55,476.65,476.15,3001232,1430387017.15,476.6,40932.0,0.1050089257586894,450.08000000000004,455.3,6.149999999999977,476.6333333333334,1.2902549040176183,2017,6,2,Thursday,False,479.34,491.99150000000003,False,False,Neutral,6894139.5,False
2017-06-02,TATAMOTORS,480.0,485.95,477.7,478.75,476.65,4319080,2081631609.95,481.96,54392.0,0.440574845274315,453.0375,455.67699999999996,8.25,480.8,1.723237597911227,2017,6,2,Friday,False,478.87,491.825,False,False,Neutral,6635716.55,False
2017-06-05,TATAMOTORS,478.3,481.9,475.2,478.15,478.75,2464819,1179365367.4,478.48,37117.0,-0.1253263707571849,455.8125,456.04200000000003,6.699999999999989,478.4166666666667,1.4012339224092836,2017,6,2,Monday,False,478.2,491.66574999999995,False,False,Neutral,6387563.85,False
2017-06-06,TATAMOTORS,482.9,484.35,457.6,461.0,478.15,8016939,3745258834.6,467.17,134732.0,-3.5867405625849584,457.52250000000004,455.80400000000003,26.75,467.65000000000003,5.802603036876356,2017,6,2,Tuesday,False,474.14,491.45099999999996,False,False,Moderate_Negative,6646754.2,True
2017-06-07,TATAMOTORS,462.55,463.65,453.5,458.0,461.0,5250544,2401833968.2,457.44,83797.0,-0.6507592190889371,458.80750000000006,455.55600000000004,10.149999999999977,458.3833333333334,2.2161572052401697,2017,6,2,Wednesday,False,470.51000000000005,491.221,False,False,Neutral,6640361.3,False
2017-06-08,TATAMOTORS,459.5,463.45,457.35,460.8,458.0,4066322,1873628817.85,460.77,58341.0,0.6113537117903955,460.475,455.47700000000003,6.099999999999966,460.5333333333333,1.3237847222222148,2017,6,2,Thursday,False,467.34,491.03325000000007,False,False,Neutral,6641194.95,False
2017-06-09,TATAMOTORS,459.95,468.0,455.0,467.1,460.8,4598706,2128258271.8,462.8,69181.0,1.3671875000000024,462.2875,455.371,13.0,463.3666666666666,2.7831299507600082,2017,6,2,Friday,False,465.00999999999993,490.8995,False,False,Neutral,6678583.25,False
2017-06-12,TATAMOTORS,463.75,465.25,455.2,456.25,467.1,4341696,1997812455.05,460.15,59000.0,-2.3228430742881656,463.505,455.115,10.050000000000011,458.90000000000003,2.2027397260273998,2017,6,2,Monday,False,460.63,490.662,False,False,Moderate_Negative,6801382.95,False
2017-06-13,TATAMOTORS,457.15,458.75,448.0,449.55,456.25,3577406,1618937550.9,452.55,53240.0,-1.468493150684929,464.12,454.73799999999994,10.75,452.09999999999997,2.3912801690579464,2017,6,2,Tuesday,False,458.34,490.28324999999995,False,False,Neutral,6807649.65,False
2017-06-14,TATAMOTORS,450.8,453.4,447.05,451.95,449.55,3605931,1627539303.3,451.35,72877.0,0.533867200533862,464.2625,454.46,6.349999999999966,450.8,1.405022679499937,2017,6,2,Wednesday,False,457.13,489.89799999999997,False,False,Neutral,6659312.3,False
2017-06-15,TATAMOTORS,452.0,457.85,446.95,448.3,451.95,3879154,1752553692.45,451.79,85539.0,-0.8076114614448451,464.78000000000003,454.018,10.900000000000034,451.0333333333333,2.4314075395940296,2017,6,2,Thursday,False,454.63,489.45099999999996,False,False,Neutral,6545342.7,False
2017-06-16,TATAMOTORS,454.7,458.4,452.0,455.75,448.3,7042094,3206241372.8,455.3,104461.0,1.6618335935757278,465.4,453.66299999999995,6.399999999999977,455.3833333333334,1.4042786615468956,2017,6,2,Friday,False,452.36,489.0115,False,False,Neutral,6678073.35,True
2017-06-19,TATAMOTORS,453.8,456.4,450.5,452.35,455.75,3869675,1752696284.3,452.93,58890.0,-0.746023038946786,465.535,453.246,5.899999999999977,453.0833333333333,1.3042997678788497,2017,6,2,Monday,False,451.58000000000004,488.524,False,False,Neutral,6564261.4,False
2017-06-20,TATAMOTORS,457.0,470.75,456.0,467.4,452.35,12014975,5596092340.9,465.76,205410.0,3.327069746877408,466.38,453.22799999999995,14.75,464.7166666666667,3.155755241762944,2017,6,2,Tuesday,False,455.15,487.9175,False,False,Moderate_Positive,6648469.45,True
2017-06-21,TATAMOTORS,466.0,466.0,455.5,457.3,467.4,5436141,2497442605.2,459.41,74836.0,-2.160890029952924,465.76750000000004,452.87600000000003,10.5,459.59999999999997,2.2960857205335667,2017,6,2,Wednesday,False,456.21999999999997,487.267,False,False,Moderate_Negative,5551736.75,False
2017-06-22,TATAMOTORS,458.85,463.0,451.6,452.7,457.3,5008885,2296063001.2,458.4,96997.0,-1.005904220424234,464.60249999999996,452.485,11.399999999999977,455.76666666666665,2.5182239893969465,2017,6,2,Thursday,False,457.1,486.60949999999997,False,False,Neutral,5046737.4,False
2017-06-23,TATAMOTORS,454.0,456.5,442.4,443.15,452.7,6753648,3018101838.2,446.88,109462.0,-2.1095648332228873,462.7049999999999,452.05699999999996,14.100000000000023,447.34999999999997,3.1817668960848526,2017,6,2,Friday,False,454.58000000000004,485.959,False,False,Moderate_Negative,4999776.35,True
2017-06-27,TATAMOTORS,443.8,444.5,434.4,442.3,443.15,5915274,2594872369.8,438.67,75944.0,-0.1918086426717738,460.745,451.836,10.100000000000023,440.40000000000003,2.283517974225644,2017,6,2,Tuesday,False,452.57,485.40324999999996,False,False,Neutral,5082887.85,True
2017-06-28,TATAMOTORS,443.9,446.8,440.15,442.5,442.3,4960238,2198547387.2,443.23,62049.0,0.0452181777074358,458.805,451.702,6.650000000000034,443.15000000000003,1.5028248587570698,2017,6,2,Wednesday,False,447.59,484.81325,False,False,Neutral,5175830.75,False
2017-06-29,TATAMOTORS,444.5,446.25,434.0,435.6,442.5,11085101,4874473731.25,439.73,100636.0,-1.5593220338983,456.77750000000003,451.54,12.25,438.6166666666666,2.8122130394857665,2017,6,2,Thursday,False,443.25,484.20349999999996,False,False,Neutral,5460393.0,True
2017-06-30,TATAMOTORS,433.9,435.6,428.05,432.55,435.6,4776892,2060751788.75,431.4,117302.0,-0.7001836547291118,454.57250000000005,451.33,7.550000000000011,432.06666666666666,1.7454629522598568,2017,6,2,Friday,False,439.21999999999997,483.62275,False,False,Neutral,5549176.0,False
2017-07-03,TATAMOTORS,431.5,434.7,426.25,430.25,432.55,6230025,2683632070.85,430.76,74110.0,-0.5317304357877728,452.14750000000004,451.056,8.449999999999989,430.40000000000003,1.9639744334689107,2017,7,3,Monday,False,436.64,483.00175,False,False,Neutral,5644723.25,True
2017-07-04,TATAMOTORS,434.2,436.4,426.0,426.9,430.25,5020683,2160753186.85,430.37,79594.0,-0.7786170830912313,449.5849999999999,450.782,10.399999999999977,429.76666666666665,2.4361677207776946,2017,7,3,Tuesday,False,433.56000000000006,482.394,False,False,Neutral,5772516.45,False
2017-07-05,TATAMOTORS,428.9,433.95,427.4,431.75,426.9,5050749,2177448496.65,431.11,54757.0,1.1360974467088365,448.12250000000006,450.54,6.550000000000011,431.0333333333333,1.517081644470182,2017,7,3,Wednesday,False,431.41,481.80325,False,False,Neutral,5624206.95,False
2017-07-06,TATAMOTORS,435.4,438.8,433.8,437.1,431.75,4038188,1764029544.55,436.84,55870.0,1.2391430225825184,447.07750000000004,450.369,5.0,436.56666666666666,1.143902997025852,2017,7,3,Thursday,False,431.71000000000004,481.1965,False,False,Neutral,5563589.15,False
2017-07-07,TATAMOTORS,434.45,441.45,432.25,436.85,437.1,5311730,2323239883.45,437.38,60516.0,-0.0571951498512926,445.88,450.09,9.199999999999989,436.8500000000001,2.10598603639693,2017,7,3,Friday,False,432.57,480.61549999999994,False,False,Neutral,5625859.55,False
2017-07-10,TATAMOTORS,460.0,460.0,442.55,446.95,436.85,1189742,531357455.3,446.62,10582.0,2.3120064095227115,444.87249999999995,449.92199999999997,17.44999999999999,449.8333333333333,3.9042398478576996,2017,7,3,Monday,False,435.90999999999997,480.17375,False,False,Moderate_Positive,5455411.35,False
2017-07-11,TATAMOTORS,452.0,462.3,451.0,456.95,446.95,12069006,5527816533.15,458.02,144340.0,2.237386732296678,444.90749999999997,449.88300000000004,11.300000000000011,456.75,2.472918262391949,2017,7,3,Tuesday,False,441.91999999999996,479.79875,False,False,Moderate_Positive,5841776.85,True
2017-07-12,TATAMOTORS,461.0,463.8,456.6,461.0,456.95,6051540,2787119933.15,460.56,85344.0,0.8863114126272047,445.48,450.07800000000003,7.199999999999989,460.4666666666667,1.5618221258134466,2017,7,3,Wednesday,False,447.77,479.40375,False,False,Neutral,5965483.55,True
2017-07-13,TATAMOTORS,464.5,464.5,455.55,459.05,461.0,4382063,2013165155.5,459.41,57554.0,-0.4229934924078066,445.8349999999999,450.327,8.949999999999989,459.7,1.949678684239187,2017,7,3,Thursday,False,452.16,479.0675,False,False,Neutral,6004290.15,False
2017-07-14,TATAMOTORS,460.0,460.0,450.4,451.3,459.05,3974269,1803960399.7,453.91,58115.0,-1.6882692517154994,445.985,450.62299999999993,9.600000000000023,453.90000000000003,2.1271881231996503,2017,7,3,Friday,False,455.05,478.64975,False,False,Neutral,6009045.9,False
2017-07-17,TATAMOTORS,455.0,458.35,453.25,454.15,451.3,4922453,2241512131.55,455.36,47303.0,0.6315089740748872,445.90500000000003,451.314,5.100000000000023,455.25,1.1229769899812887,2017,7,3,Monday,False,456.48999999999995,478.2165,False,False,Neutral,5903063.85,False
2017-07-18,TATAMOTORS,452.6,459.5,452.6,456.15,454.15,2349268,1073100214.5,456.78,47095.0,0.4403831333259936,446.09499999999997,451.9839999999999,6.899999999999977,456.0833333333333,1.5126603091088409,2017,7,3,Tuesday,False,456.33000000000004,477.7475,False,False,Neutral,5827043.5,False
2017-07-19,TATAMOTORS,453.0,462.9,453.0,460.6,456.15,3395937,1559842538.0,459.33,75759.0,0.975556286309338,445.755,452.66,9.899999999999977,458.8333333333333,2.149370386452448,2017,7,3,Wednesday,False,456.25,477.25225,False,False,Neutral,5396091.6,False
2017-07-20,TATAMOTORS,463.5,464.35,457.35,460.15,460.6,3318626,1526702953.8,460.04,47685.0,-0.0976986539296668,445.8974999999999,453.217,7.0,460.6166666666666,1.5212430729110074,2017,7,3,Thursday,False,456.46999999999997,476.79575,False,False,Neutral,5290215.85,False
2017-07-20,TATAMOTORS,463.5,464.35,457.35,460.15,460.6,3318626,1526702953.8,460.04,47685.0,-0.0976986539296668,446.27,453.871,7.0,460.6166666666666,1.5212430729110074,2017,7,3,Thursday,False,458.23999999999995,476.26800000000003,False,False,Neutral,5205702.9,False
2017-07-21,TATAMOTORS,460.0,465.9,457.6,464.6,460.15,3150269,1456596928.9,462.37,38197.0,0.967075953493436,447.34250000000003,454.546,8.299999999999955,462.7,1.7864829961256896,2017,7,3,Friday,False,460.3299999999999,475.7625,False,False,Neutral,5025533.95,False
2017-07-24,TATAMOTORS,464.95,468.35,461.0,464.0,464.6,3773074,1753184516.55,464.66,49674.0,-0.1291433491175253,448.42749999999995,455.18799999999993,7.350000000000023,464.45,1.584051724137936,2017,7,3,Monday,False,461.9,475.27225,False,False,Neutral,4918423.95,False
2017-07-25,TATAMOTORS,462.15,464.7,454.7,456.1,464.0,7052112,3225727669.25,457.41,67138.0,-1.7025862068965467,449.10749999999996,455.565,10.0,458.5,2.1925016443762333,2017,7,3,Tuesday,False,461.0,474.82849999999996,False,False,Neutral,5023017.65,True
2017-07-26,TATAMOTORS,457.2,458.7,455.0,457.3,456.1,3641559,1664544721.35,457.1,46569.0,0.2631001973251454,450.19249999999994,455.72900000000004,3.6999999999999886,457.0,0.8090968729499209,2017,7,3,Wednesday,False,460.43,474.33450000000005,False,False,Neutral,4650840.55,False
2017-07-27,TATAMOTORS,459.0,460.95,440.3,445.4,457.3,13738611,6171808873.95,449.23,90948.0,-2.602230483271383,450.83500000000004,455.87800000000004,20.649999999999977,448.8833333333334,4.636281993713511,2017,7,3,Thursday,False,457.48,473.82375,False,False,Moderate_Negative,5098926.5,True
2017-07-28,TATAMOTORS,444.6,447.45,442.45,445.85,445.4,3365171,1497338831.7,444.95,47316.0,0.1010327795240335,451.61499999999995,455.92800000000005,5.0,445.25,1.12145340361108,2017,7,3,Friday,False,453.73,473.28175000000005,False,False,Neutral,4955683.8,False
2017-07-31,TATAMOTORS,446.25,449.7,443.7,444.6,445.85,3804621,1698023772.6,446.31,49733.0,-0.28036335090277,452.5,455.827,6.0,446.0,1.3495276653171389,2017,7,3,Monday,False,449.85,472.75225,False,False,Neutral,4894880.7,False
2017-08-01,TATAMOTORS,446.55,452.35,445.7,446.9,444.6,4012791,1799248860.2,448.38,58032.0,0.5173189383715596,453.2575,455.755,6.650000000000034,448.3166666666666,1.4880286417543152,2017,8,3,Tuesday,False,448.01000000000005,472.2525,False,False,Neutral,4842982.8,False
2017-08-02,TATAMOTORS,449.5,449.95,438.15,440.35,446.9,4045533,1790768052.9,442.65,61624.0,-1.4656522712016011,453.41999999999996,455.171,11.800000000000011,442.8166666666666,2.679686612921542,2017,8,3,Wednesday,False,444.62,471.73175,False,False,Neutral,4843350.05,False
2017-08-03,TATAMOTORS,441.0,441.5,429.6,431.45,440.35,6197142,2685855289.15,433.4,87118.0,-2.021119563983203,453.15,454.28,11.899999999999977,434.18333333333334,2.7581411519295345,2017,8,3,Thursday,False,441.83000000000004,471.09,False,False,Moderate_Negative,4887620.65,True
2017-08-04,TATAMOTORS,435.1,438.75,433.45,435.6,431.45,4166729,1815075153.15,435.61,56342.0,0.9618727546645114,452.5825000000001,453.37,5.300000000000011,435.9333333333334,1.2167125803489465,2017,8,3,Friday,False,439.78000000000003,470.499,False,False,Neutral,5036470.0,False
2017-08-07,TATAMOTORS,438.6,439.8,425.3,430.0,435.6,6461815,2786104073.2,431.16,78815.0,-1.285583103764927,451.235,452.34,14.5,431.7,3.372093023255814,2017,8,3,Monday,False,436.86,469.99875,False,False,Neutral,4756110.45,True
2017-08-08,TATAMOTORS,432.0,435.5,426.0,430.0,430.0,7134979,3073954611.85,430.83,88297.0,0.0,449.68500000000006,451.314,9.5,430.5,2.2093023255813953,2017,8,3,Tuesday,False,433.48,469.53875,False,False,Neutral,4810282.4,True
2017-08-09,TATAMOTORS,428.8,429.9,415.0,416.05,430.0,10849567,4568165299.0,421.05,131000.0,-3.2441860465116252,447.535,450.112,14.899999999999977,420.31666666666666,3.581300324480225,2017,8,3,Wednesday,False,428.62,468.934,False,False,Moderate_Negative,5133657.6,True
2017-08-10,TATAMOTORS,401.0,403.6,375.25,380.2,416.05,28114017,10903107221.1,387.82,376301.0,-8.616752794135325,443.98,448.18300000000005,28.350000000000023,386.34999999999997,7.456601788532358,2017,8,3,Thursday,False,418.37,468.17525,False,False,Strong_Negative,6340645.0,True
2017-08-11,TATAMOTORS,376.0,379.1,358.5,374.5,380.2,14699477,5462473478.75,371.61,196160.0,-1.4992109416096762,439.99750000000006,446.098,20.600000000000023,370.7,5.5006675567423295,2017,8,3,Friday,False,406.15,467.39475,False,False,Neutral,6829496.2,True
2017-08-14,TATAMOTORS,380.0,381.8,372.6,375.4,374.5,8216208,3089579210.0,376.03,116920.0,0.240320427236309,435.96000000000004,444.04299999999995,9.199999999999989,376.6000000000001,2.450719232818324,2017,8,3,Monday,False,395.23,466.7052499999999,False,False,Neutral,7122843.2,True
2017-08-16,TATAMOTORS,379.45,390.7,375.5,389.25,375.4,11019760,4231259687.05,383.97,125653.0,3.689397975492814,432.39250000000004,442.60799999999995,15.199999999999989,385.15000000000003,3.9049454078355783,2017,8,3,Wednesday,False,387.08000000000004,466.10049999999995,False,False,Moderate_Positive,7504034.35,True
2017-08-17,TATAMOTORS,392.45,392.45,384.5,385.3,389.25,5971420,2317405606.25,388.08,75537.0,-1.014771997430954,428.65,441.15399999999994,7.949999999999989,387.4166666666667,2.063327277446143,2017,8,3,Thursday,False,380.92999999999995,465.46549999999996,False,False,Neutral,7636674.05,False
2017-08-18,TATAMOTORS,381.75,383.0,377.0,380.4,385.3,5856198,2224002066.3,379.77,90719.0,-1.2717363093693317,424.6625,439.546,6.0,380.1333333333334,1.577287066246057,2017,8,3,Friday,False,380.96999999999997,464.83575,False,False,Neutral,7763552.65,False
2017-08-21,TATAMOTORS,382.0,382.55,371.3,374.35,380.4,5123101,1928346441.95,376.4,69774.0,-1.5904311251314287,420.15,437.691,11.25,376.06666666666666,3.0052090289835713,2017,8,3,Monday,False,380.93999999999994,464.0065,False,False,Neutral,7862194.25,False
2017-08-22,TATAMOTORS,378.8,379.95,372.25,373.6,374.35,4163794,1562926477.45,375.36,67843.0,-0.2003472685989047,415.63,436.038,7.699999999999989,375.2666666666667,2.0610278372590973,2017,8,3,Tuesday,False,380.58000000000004,463.20700000000005,False,False,Neutral,7881730.25,False
2017-08-23,TATAMOTORS,376.0,381.15,373.35,379.95,373.6,4448871,1683161679.95,378.33,73627.0,1.6996788008565216,411.82250000000005,434.6460000000001,7.7999999999999545,378.15000000000003,2.052901697591776,2017,8,3,Wednesday,False,378.71999999999997,462.43825,False,False,Neutral,7751568.2,False
2017-08-24,TATAMOTORS,380.1,385.95,380.1,384.15,379.95,5208541,1999723000.25,383.93,90986.0,1.1054086063955753,408.16499999999996,433.29,5.849999999999966,383.3999999999999,1.5228426395938999,2017,8,3,Thursday,False,378.49,461.8225,False,False,Neutral,7829917.3,False
2017-08-28,TATAMOTORS,385.85,387.4,378.3,379.3,384.15,4403872,1677314650.6,380.87,75223.0,-1.262527658466736,404.86,431.91,9.099999999999966,381.6666666666667,2.3991563406274627,2017,8,3,Monday,False,378.27,461.43199999999996,False,False,Neutral,7363180.35,False
2017-08-29,TATAMOTORS,379.0,382.35,374.45,376.1,379.3,4689547,1772345121.85,377.94,64691.0,-0.8436593725283387,401.3725,430.31700000000006,7.900000000000034,377.6333333333334,2.100505184791288,2017,8,3,Tuesday,False,378.62,461.02025000000003,False,False,Neutral,7429399.15,False
2017-08-29,TATAMOTORS,379.0,382.35,374.45,376.1,379.3,4689547,1772345121.85,377.94,64691.0,-0.8436593725283387,397.94750000000005,428.792,7.900000000000034,377.6333333333334,2.100505184791288,2017,8,3,Tuesday,False,379.12,460.6085,False,False,Neutral,7473645.45,False
2017-08-30,TATAMOTORS,380.85,382.75,377.45,378.5,376.1,3734824,1418909663.0,379.91,52649.0,0.6381281574049393,394.52750000000003,427.014,5.300000000000011,379.56666666666666,1.4002642007926054,2017,8,3,Wednesday,False,378.83000000000004,460.13674999999995,False,False,Neutral,7459747.1,False
2017-08-31,TATAMOTORS,380.05,380.45,375.8,376.55,378.5,4685511,1768053568.7,377.34,61335.0,-0.5151915455746338,391.3375,425.39899999999994,4.649999999999977,377.59999999999997,1.2348957641747382,2017,8,3,Thursday,False,377.31000000000006,459.66324999999995,False,False,Neutral,7491746.0,False
2017-09-01,TATAMOTORS,379.35,392.85,378.65,390.85,376.55,7380325,2843583566.9,385.29,101848.0,3.7976364360642703,389.3075,424.16200000000003,14.200000000000045,387.45,3.633107330177829,2017,9,3,Friday,False,379.62,459.33275000000003,False,False,Moderate_Positive,7550905.15,False
2017-09-04,TATAMOTORS,393.0,396.05,380.5,383.4,390.85,8433560,3263202502.75,386.93,102810.0,-1.906102085198937,386.6975,422.967,15.550000000000011,386.6499999999999,4.055816379760045,2017,9,3,Monday,False,381.08000000000004,458.92549999999994,False,False,Neutral,7764246.7,True
2017-09-05,TATAMOTORS,385.7,389.5,383.4,388.15,383.4,4477993,1729027454.6,386.12,44114.0,1.2389149713093377,384.605,421.884,6.100000000000023,387.01666666666665,1.5715573876078894,2017,9,3,Tuesday,False,383.49,458.50875,False,False,Neutral,7665055.6,False
2017-09-06,TATAMOTORS,385.0,386.7,381.85,382.7,388.15,5953907,2285736261.55,383.91,57943.0,-1.4040963545021226,382.24,420.68800000000005,4.849999999999966,383.75,1.2673112098249193,2017,9,3,Wednesday,False,384.33000000000004,458.1575,False,False,Neutral,7606002.0,False
2017-09-07,TATAMOTORS,383.7,384.4,376.0,378.15,382.7,7938665,3005541498.8,378.6,117544.0,-1.188920825712049,380.34499999999997,419.53899999999993,8.399999999999977,379.51666666666665,2.2213407378024534,2017,9,3,Thursday,False,384.65,457.7865,False,False,Neutral,7460456.9,True
2017-09-08,TATAMOTORS,381.0,381.8,374.05,375.05,378.15,7471355,2816940949.5,377.03,81319.0,-0.8197805103794701,380.0875,418.389,7.75,376.9666666666667,2.0663911478469537,2017,9,3,Friday,False,381.48999999999995,457.38824999999997,False,False,Neutral,6428323.8,True
2017-09-11,TATAMOTORS,380.0,380.0,374.2,375.3,375.05,5402725,2035571939.05,376.77,59463.0,0.0666577789628049,380.1275,417.29,5.800000000000011,376.5,1.5454303224087427,2017,9,3,Monday,False,379.87,456.9655,False,False,Neutral,5963486.2,False
2017-09-12,TATAMOTORS,378.7,390.0,375.5,388.25,375.3,9266823,3547883699.65,382.86,109246.0,3.450572875033304,380.77,416.51700000000005,14.5,384.5833333333333,3.7347070186735354,2017,9,3,Tuesday,False,379.89,456.61025,False,False,Moderate_Positive,6016016.95,True
2017-09-13,TATAMOTORS,391.0,393.95,387.2,389.65,388.25,6537279,2555479907.1,390.91,76859.0,0.3605924018029561,380.78999999999996,415.675,6.75,390.26666666666665,1.7323238804054921,2017,9,3,Wednesday,False,381.28,456.3175,False,False,Neutral,5791892.9,True
2017-09-14,TATAMOTORS,390.75,406.6,390.25,404.4,389.65,11476571,4581218468.35,399.18,107774.0,3.785448479404594,381.745,415.02099999999996,16.350000000000023,400.4166666666667,4.043026706231459,2017,9,3,Thursday,False,386.53000000000003,456.175,False,False,Moderate_Positive,6067150.45,True
2017-09-15,TATAMOTORS,402.85,406.75,400.0,401.75,404.4,9675506,3896160514.15,402.68,102079.0,-0.6552917903066214,382.8125,414.319,6.75,402.8333333333333,1.6801493466085875,2017,9,3,Friday,False,391.87,455.9872500000001,False,False,Neutral,6258115.85,True
2017-09-18,TATAMOTORS,411.85,413.0,403.2,404.95,401.75,8966503,3651065714.55,407.19,99683.0,0.7965152457996237,384.34250000000003,413.47900000000004,9.800000000000011,407.05,2.420051858254108,2017,9,3,Monday,False,397.8,455.8065,False,False,Neutral,6450285.95,True
2017-09-19,TATAMOTORS,415.0,427.7,414.0,423.65,404.95,28208471,11901983428.05,421.93,169472.0,4.6178540560563,386.84499999999997,412.81299999999993,13.699999999999989,421.7833333333333,3.233801487076594,2017,9,3,Tuesday,False,404.88,455.698,False,False,Moderate_Positive,7652519.8,True
2017-09-20,TATAMOTORS,422.75,422.75,413.0,414.8,423.65,5179160,2154648950.75,416.02,79257.0,-2.08898855187064,388.5875,411.889,9.75,416.84999999999997,2.35053037608486,2017,9,3,Wednesday,False,409.91,455.46425000000005,False,False,Moderate_Negative,7689034.25,False
2017-09-21,TATAMOTORS,415.4,418.45,408.8,413.65,414.8,6946502,2872278346.55,413.49,83837.0,-0.2772420443587353,390.0625,410.981,9.649999999999977,413.6333333333334,2.3328901245013847,2017,9,3,Thursday,False,411.75999999999993,455.212,False,False,Neutral,7775932.3,False
2017-09-22,TATAMOTORS,414.0,422.15,408.85,411.8,413.65,9781308,4067342744.2,415.83,113677.0,-0.4472380031427453,391.6875,410.191,13.299999999999955,414.26666666666665,3.22972316658571,2017,9,3,Friday,False,413.77,454.999,False,False,Neutral,8044804.1,True
2017-09-25,TATAMOTORS,413.65,415.3,404.6,408.2,411.8,6957357,2843972978.85,408.77,76694.0,-0.8742107819329827,393.29249999999996,409.272,10.699999999999989,409.36666666666673,2.6212640862322365,2017,9,3,Monday,False,414.41999999999996,454.68674999999996,False,False,Neutral,8158194.6,False
2017-09-26,TATAMOTORS,409.4,413.9,403.3,411.25,408.2,5077291,2081733259.8,410.01,83099.0,0.7471827535521831,395.04999999999995,408.374,10.599999999999966,409.48333333333335,2.577507598784186,2017,9,3,Tuesday,False,411.93999999999994,454.38125,False,False,Neutral,8177581.8,False
2017-09-27,TATAMOTORS,413.5,414.25,402.0,404.9,411.25,4727360,1923180420.5,406.82,57194.0,-1.544072948328273,396.37,407.26,12.25,407.05,3.025438379846876,2017,9,3,Wednesday,False,409.96000000000004,454.08975,False,False,Neutral,8227208.6,False
2017-09-28,TATAMOTORS,406.95,406.95,399.0,401.4,404.9,4850748,1951134067.9,402.23,49124.0,-0.8644109656705359,397.6125,406.085,7.949999999999989,402.45,1.9805680119581437,2017,9,3,Thursday,False,407.51,453.731,False,False,Neutral,8235470.45,False
2017-09-29,TATAMOTORS,401.4,405.0,397.4,401.5,401.4,7520906,3016016012.7,401.02,73616.0,0.0249128051818691,398.145,404.912,7.600000000000023,401.3,1.892901618929022,2017,9,3,Friday,False,405.45,453.37949999999995,False,False,Neutral,8242499.5,False
2017-10-03,TATAMOTORS,428.0,428.0,415.0,416.0,401.5,9696920,4065423532.25,419.25,119070.0,3.61145703611457,399.775,403.94,13.0,419.6666666666667,3.125,2017,10,4,Tuesday,False,407.01,453.09375,False,False,Moderate_Positive,8305667.5,True
2017-10-04,TATAMOTORS,417.55,426.0,412.7,423.55,416.0,7663143,3214755761.1,419.51,90091.0,1.8149038461538487,401.54499999999996,403.1310000000001,13.300000000000011,420.75,3.1401251328060464,2017,10,4,Wednesday,False,409.46999999999997,452.869,False,False,Neutral,8464925.0,False
2017-10-05,TATAMOTORS,423.0,425.8,420.1,423.3,423.55,4606192,1948200610.75,422.95,55812.0,-0.0590249085113918,403.575,402.475,5.699999999999989,423.06666666666666,1.3465627214741291,2017,10,4,Thursday,False,413.15,452.6375,False,False,Neutral,8397539.25,False
2017-10-06,TATAMOTORS,422.0,426.0,416.2,424.85,423.3,5308695,2246652246.9,423.2,57527.0,0.3661705646113894,405.90999999999997,401.82599999999996,9.800000000000011,422.3500000000001,2.3066964811109827,2017,10,4,Friday,False,417.84,452.4335,False,False,Neutral,8266040.75,False
2017-10-09,TATAMOTORS,424.0,432.1,423.05,425.6,424.85,4414381,1886482042.75,427.35,52653.0,0.176532893962575,408.4375,401.43,9.050000000000011,426.9166666666667,2.126409774436093,2017,10,4,Monday,False,422.66,452.27225,False,False,Neutral,8113192.05,False
2017-10-10,TATAMOTORS,425.6,428.9,421.4,423.6,425.6,5057869,2148885632.15,424.86,66746.0,-0.4699248120300752,410.85249999999996,400.985,7.5,424.6333333333334,1.7705382436260624,2017,10,4,Tuesday,False,424.18,452.10100000000006,False,False,Neutral,8095949.25,False
2017-10-11,TATAMOTORS,424.9,424.9,414.1,415.5,423.6,4320451,1812544104.4,419.53,57500.0,-1.9121813031161523,412.215,400.403,10.799999999999955,418.1666666666667,2.599277978339339,2017,10,4,Wednesday,False,422.57,451.84375,False,False,Neutral,7848630.65,False
2017-10-12,TATAMOTORS,415.5,421.8,409.35,420.15,415.5,5442846,2262885324.2,415.75,68575.0,1.1191335740072148,413.74000000000007,399.86800000000005,12.449999999999989,417.1000000000001,2.963227418779005,2017,10,4,Thursday,False,421.94000000000005,451.62775,False,False,Neutral,7793909.0,False
2017-10-13,TATAMOTORS,421.0,429.3,418.9,424.8,420.15,6969434,2967599278.55,425.8,80659.0,1.1067475901463846,414.75999999999993,399.557,10.400000000000034,424.3333333333333,2.4482109227872018,2017,10,4,Friday,False,421.93,451.39725,False,False,Neutral,7568552.15,False
2017-10-16,TATAMOTORS,426.3,438.0,425.85,437.05,424.8,8476709,3673790482.85,433.4,84794.0,2.883709981167608,416.525,399.66900000000004,12.149999999999977,433.6333333333334,2.7800022880677218,2017,10,4,Monday,False,424.21999999999997,451.2225,False,False,Moderate_Positive,7508612.3,True
2017-10-17,TATAMOTORS,435.75,435.75,430.2,432.3,437.05,5135763,2220854174.15,432.43,50449.0,-1.0868321702322388,417.89250000000004,399.60299999999995,5.550000000000011,432.75,1.2838306731436528,2017,10,4,Tuesday,False,425.96000000000004,450.94875,False,False,Neutral,7317075.3,False
2017-10-18,TATAMOTORS,432.25,437.3,426.6,433.2,432.3,5539785,2394856852.35,432.3,50385.0,0.2081887578070731,418.37,399.667,10.699999999999989,432.36666666666673,2.469990766389656,2017,10,4,Wednesday,False,429.5,450.70925000000005,False,False,Neutral,6183641.0,False
2017-10-19,TATAMOTORS,433.0,433.1,424.25,426.95,433.2,1313380,563241467.45,428.85,15612.0,-1.44275161588181,418.97749999999996,399.606,8.850000000000023,428.09999999999997,2.0728422531912454,2017,10,4,Thursday,False,430.86,450.41075000000006,False,False,Neutral,5990352.0,False
2017-10-23,TATAMOTORS,429.1,430.85,421.0,422.75,426.95,4013418,1704140744.55,424.61,47424.0,-0.983721747277196,419.4325,399.74,9.850000000000023,424.8666666666666,2.3299822590183377,2017,10,4,Monday,False,430.45,450.01375,False,False,Neutral,5843697.8,False
2017-10-24,TATAMOTORS,422.75,423.8,415.05,416.05,422.75,4541742,1896293736.1,417.53,123220.0,-1.584861028976934,419.645,400.457,8.75,418.3,2.1031126066578536,2017,10,4,Tuesday,False,426.25,449.60525,False,False,Neutral,5581719.5,False
2017-10-25,TATAMOTORS,421.0,424.4,415.1,421.95,416.05,5666968,2386041338.4,421.04,68558.0,1.418098786203576,420.3325,401.406,9.299999999999955,420.48333333333335,2.204052612868813,2017,10,4,Wednesday,False,424.18,449.21425000000005,False,False,Neutral,5517200.05,True
2017-10-26,TATAMOTORS,421.7,422.4,417.0,419.4,421.95,6207936,2603587025.85,419.4,42789.0,-0.6043370067543575,420.74000000000007,402.286,5.399999999999977,419.59999999999997,1.2875536480686642,2017,10,4,Thursday,False,421.41999999999996,448.73,False,False,Neutral,5573732.3,True
2017-10-27,TATAMOTORS,422.05,434.35,422.05,429.9,419.4,7414741,3179995056.0,428.87,83467.0,2.503576537911302,421.98999999999995,403.099,12.300000000000011,428.7666666666667,2.861130495464064,2017,10,4,Friday,False,422.01000000000005,448.28325000000007,False,False,Moderate_Positive,5708101.35,True
2017-10-30,TATAMOTORS,428.25,440.95,428.25,436.55,429.9,7675104,3356065801.05,437.27,100117.0,1.54687136543383,423.74750000000006,404.124,12.699999999999989,435.25,2.9091742068491557,2017,10,4,Monday,False,424.77,447.87475,False,False,Neutral,5849319.15,True
2017-10-31,TATAMOTORS,438.85,438.85,427.3,428.4,436.55,6214996,2674747453.75,430.37,61396.0,-1.8669110067575383,425.09250000000003,405.084,11.550000000000011,431.5166666666667,2.696078431372552,2017,10,4,Tuesday,False,427.23999999999995,447.4425,False,False,Neutral,5784023.65,True
2017-11-01,TATAMOTORS,430.95,439.95,428.45,437.75,428.4,7310931,3188260366.15,436.09,60645.0,2.182539682539688,426.18,406.35200000000003,11.5,435.3833333333334,2.627070245573958,2017,11,4,Wednesday,False,430.4,446.99925,False,False,Moderate_Positive,5664724.2,True
2017-11-02,TATAMOTORS,435.7,440.4,429.9,434.9,437.75,8262211,3585368004.65,433.95,58575.0,-0.6510565391205078,426.74750000000006,407.578,10.5,435.0666666666666,2.4143481260059785,2017,11,4,Thursday,False,433.5,446.55525,False,False,Neutral,5694677.6,True
2017-11-03,TATAMOTORS,434.0,449.35,432.65,447.7,434.9,8116263,3587902427.35,442.06,109297.0,2.943205334559672,427.96750000000003,408.93299999999994,16.700000000000045,443.23333333333335,3.7301764574491947,2017,11,4,Friday,False,437.05999999999995,446.1814999999999,False,False,Moderate_Positive,5870181.15,True
2017-11-06,TATAMOTORS,445.75,468.0,443.55,462.9,447.7,19456789,8909761236.55,457.93,156164.0,3.3951306678579383,429.87,410.50800000000004,24.44999999999999,458.1499999999999,5.281918340894359,2017,11,4,Monday,False,442.3299999999999,445.83875,False,False,Moderate_Positive,6577585.85,True
2017-11-07,TATAMOTORS,458.2,465.9,450.05,451.85,462.9,13266543,6067685188.0,457.37,127450.0,-2.3871246489522475,431.1825,411.959,15.849999999999966,455.9333333333334,3.507801261480572,2017,11,4,Tuesday,False,447.02,445.48199999999997,False,False,Moderate_Negative,7020193.95,True
2017-11-08,TATAMOTORS,448.0,455.0,431.3,438.2,451.85,11193613,4965126940.9,443.57,142685.0,-3.020914020139434,431.9125,413.20099999999996,23.69999999999999,441.5,5.408489274303968,2017,11,4,Wednesday,False,447.11,445.00950000000006,False,False,Moderate_Negative,7326981.15,True
2017-11-09,TATAMOTORS,442.1,450.9,425.65,440.15,438.2,40547266,17908435353.7,441.67,338004.0,0.4450022820629823,433.145,414.482,25.25,438.8999999999999,5.736680677041918,2017,11,4,Thursday,False,448.15999999999997,444.5025,False,False,Neutral,9138321.9,True
2017-11-10,TATAMOTORS,438.95,438.95,420.0,422.55,440.15,22534490,9601344286.65,426.07,213471.0,-3.998636828353962,433.265,415.36300000000006,18.94999999999999,427.1666666666667,4.484676369660392,2017,11,4,Friday,False,443.13,443.87075000000004,False,False,Moderate_Negative,9992904.1,True
2017-11-13,TATAMOTORS,423.0,427.5,416.1,418.1,422.55,9857544,4160453308.25,422.06,97272.0,-1.0531298071234148,432.93,416.194,11.399999999999977,420.56666666666666,2.7266204257354643,2017,11,4,Monday,False,434.16999999999996,443.25149999999996,False,False,Neutral,10137309.6,False
2017-11-14,TATAMOTORS,418.55,421.85,410.65,414.3,418.1,8987515,3739353635.25,416.06,90996.0,-0.9088734752451594,431.7925,416.66299999999995,11.200000000000045,415.59999999999997,2.703355056722193,2017,11,4,Tuesday,False,426.66,442.6615,False,False,Neutral,10162849.9,False
2017-11-15,TATAMOTORS,414.3,417.55,407.0,408.65,414.3,9867270,4062875154.1,411.75,104073.0,-1.363746077721466,430.61,417.168,10.550000000000011,411.0666666666666,2.5816713569068916,2017,11,4,Wednesday,False,420.75,442.08700000000005,False,False,Neutral,10399425.25,False
2017-11-16,TATAMOTORS,411.35,415.9,411.35,413.45,408.65,6291441,2603526847.85,413.82,81043.0,1.174599290346265,429.62249999999995,417.67400000000004,4.5499999999999545,413.56666666666666,1.1004958277905321,2017,11,4,Thursday,False,415.41,441.44300000000004,False,False,Neutral,10437008.05,False
2017-11-17,TATAMOTORS,419.45,423.45,417.0,421.8,413.45,6191428,2601790528.55,420.22,91339.0,2.019591244406826,429.36499999999995,418.45599999999996,6.449999999999989,420.75,1.5291607396870528,2017,11,4,Friday,False,415.26000000000005,440.89450000000005,False,False,Moderate_Positive,10680910.45,False
2017-11-17,TATAMOTORS,419.45,423.45,417.0,421.8,413.45,6191428,2601790528.55,420.22,91339.0,2.019591244406826,429.3175,419.329,6.449999999999989,420.75,1.5291607396870528,2017,11,4,Friday,False,416.0,440.3905,False,False,Moderate_Positive,10789810.95,False
2017-11-20,TATAMOTORS,421.0,425.7,420.1,423.0,421.8,4051153,1712462247.05,422.71,42978.0,0.2844950213371239,429.66499999999996,420.28799999999995,5.599999999999966,422.93333333333334,1.3238770685579115,2017,11,4,Monday,False,417.73999999999995,439.87625,False,False,Neutral,10765281.5,False
2017-11-21,TATAMOTORS,424.45,430.0,422.5,424.25,423.0,6745407,2873360502.8,425.97,72243.0,0.2955082742316784,429.78000000000003,421.267,7.5,425.5833333333333,1.7678255745433118,2017,11,4,Tuesday,False,420.86,439.4635,False,False,Neutral,10819203.45,False
2017-11-22,TATAMOTORS,425.45,433.0,424.5,428.6,424.25,7899417,3389813791.8,429.12,91008.0,1.025338833235126,430.23999999999995,422.074,8.5,428.7,1.983201119925338,2017,11,4,Wednesday,False,423.89,439.04125,False,False,Neutral,10903777.5,False
2017-11-23,TATAMOTORS,428.6,431.05,422.45,426.25,428.6,7374216,3149726028.6,427.13,67605.0,-0.5482967802146577,430.0575,422.80600000000004,8.600000000000023,426.5833333333333,2.017595307917894,2017,11,4,Thursday,False,424.78000000000003,438.60825,False,False,Neutral,10901751.25,False
2017-11-24,TATAMOTORS,427.0,429.95,424.25,425.5,426.25,5108182,2180567998.3,426.88,55588.0,-0.1759530791788856,429.505,423.228,5.699999999999989,426.56666666666666,1.33960047003525,2017,11,4,Friday,False,425.52,438.18800000000005,False,False,Neutral,10773405.15,False
2017-11-27,TATAMOTORS,423.0,424.75,417.8,421.4,425.5,7946028,3348088446.85,421.35,89802.0,-0.9635722679200992,429.15500000000003,423.621,6.949999999999989,421.3166666666666,1.6492643569055503,2017,11,4,Monday,False,425.2,437.74725,False,False,Neutral,10859956.75,False
2017-11-28,TATAMOTORS,419.8,422.25,414.5,415.95,421.4,6217480,2602128698.25,418.52,64747.0,-1.293308020882769,428.06499999999994,423.841,7.75,417.56666666666666,1.8632047121048205,2017,11,4,Tuesday,False,423.53999999999996,437.30050000000006,False,False,Neutral,10805284.2,False
2017-11-29,TATAMOTORS,415.9,419.45,412.05,413.95,415.95,4327453,1802794179.35,416.59,61144.0,-0.4808270224786632,427.01750000000004,423.64700000000005,7.399999999999977,415.15000000000003,1.787655513950955,2017,11,4,Wednesday,False,420.61,436.96,False,False,Neutral,10608546.3,False
2017-11-30,TATAMOTORS,410.4,412.25,402.25,404.15,413.95,25646262,10419723811.85,406.29,162012.0,-2.367435680637761,424.84000000000003,423.43399999999997,10.0,406.2166666666667,2.4743288383026107,2017,11,4,Thursday,False,416.18999999999994,436.7985,False,False,Moderate_Negative,11485046.25,True
2017-12-01,TATAMOTORS,407.9,410.25,396.5,398.9,404.15,7959197,3221017928.45,404.69,80578.0,-1.2990226401088707,421.64,423.139,13.75,401.8833333333334,3.4469791927801454,2017,12,4,Friday,False,410.87,436.56300000000005,False,False,Neutral,10910166.65,False
2017-12-04,TATAMOTORS,405.8,411.25,401.7,403.65,398.9,10043491,4079619833.45,406.2,89263.0,1.1907746302331412,419.23,422.97600000000006,9.550000000000011,405.5333333333333,2.3659110615632386,2017,12,4,Monday,False,407.32,436.3165,False,False,Neutral,10749014.05,False
2017-12-05,TATAMOTORS,404.55,405.5,396.55,402.25,403.65,7144542,2859702636.5,400.26,70281.0,-0.3468351294438195,417.4325,422.857,8.949999999999989,401.43333333333334,2.2249844623990027,2017,12,4,Tuesday,False,404.58000000000004,436.05050000000006,False,False,Neutral,10546560.5,False
2017-12-06,TATAMOTORS,400.2,404.0,395.0,397.05,402.25,5573968,2220338767.75,398.34,58474.0,-1.292728402734615,415.2775,422.57300000000004,9.0,398.68333333333334,2.2667170381564032,2017,12,4,Wednesday,False,401.2,435.7425,False,False,Neutral,8797895.6,False
2017-12-07,TATAMOTORS,398.0,405.3,397.15,402.0,397.05,7998863,3213292703.25,401.72,78444.0,1.246694370986019,414.25,422.515,8.150000000000034,401.48333333333335,2.0273631840796105,2017,12,4,Thursday,False,400.77,435.45225,False,False,Neutral,8071114.25,False
2017-12-08,TATAMOTORS,406.0,413.75,406.0,411.15,402.0,12288946,5042895342.75,410.36,131596.0,2.276119402985069,413.90250000000003,422.71,7.75,410.3,1.8849568284081237,2017,12,4,Friday,False,403.21999999999997,435.19625,False,False,Moderate_Positive,8192684.35,True
2017-12-11,TATAMOTORS,412.0,415.2,409.05,410.15,411.15,5066242,2085491659.5,411.64,59510.0,-0.2432202359236288,413.695,422.88300000000004,6.149999999999977,411.4666666666667,1.499451420212112,2017,12,4,Monday,False,404.52,434.958,False,False,Neutral,7996620.7,False
2017-12-12,TATAMOTORS,411.55,415.5,405.95,406.85,410.15,6151197,2523783414.75,410.29,57765.0,-0.804583688894296,413.605,422.7,9.550000000000011,409.4333333333334,2.347302445618781,2017,12,4,Tuesday,False,405.43999999999994,434.70849999999996,False,False,Neutral,7810817.05,False
2017-12-13,TATAMOTORS,407.0,409.85,400.0,401.95,406.85,5140689,2083567515.75,405.31,60080.0,-1.2043750768096433,413.03000000000003,422.268,9.850000000000023,403.93333333333334,2.4505535514367516,2017,12,4,Wednesday,False,406.41999999999996,434.471,False,False,Neutral,7753279.45,False
2017-12-14,TATAMOTORS,404.0,404.55,398.2,402.4,401.95,4674026,1875178931.95,401.19,58027.0,0.111954223162082,412.05999999999995,421.85,6.350000000000023,401.7166666666667,1.5780318091451349,2017,12,4,Thursday,False,406.5,434.1745,False,False,Neutral,7677409.35,False
2017-12-15,TATAMOTORS,406.5,409.0,404.2,405.1,402.4,5614113,2278831062.0,405.91,79270.0,0.6709741550695938,411.225,421.455,4.800000000000011,406.1000000000001,1.1848926191063962,2017,12,4,Friday,False,405.29,433.9002499999999,False,False,Neutral,7648543.6,False
2017-12-18,TATAMOTORS,399.0,409.9,389.3,405.8,405.1,5356208,2164199485.35,404.05,56161.0,0.1727968402863462,410.36500000000007,421.05899999999997,20.599999999999966,401.6666666666667,5.076392311483481,2017,12,4,Monday,False,404.41999999999996,433.57525000000004,False,False,Neutral,7713796.35,False
2017-12-19,TATAMOTORS,407.35,421.7,407.35,420.1,405.8,9686883,4021422112.1,415.14,118625.0,3.5239034006899974,410.15749999999997,420.98900000000003,14.349999999999966,416.3833333333334,3.415853368245648,2017,12,4,Tuesday,False,407.07000000000005,433.338,False,False,Moderate_Positive,7860870.15,True
2017-12-20,TATAMOTORS,421.95,427.75,419.25,422.6,420.1,11191127,4749799734.65,424.43,143094.0,0.59509640561771,409.85749999999996,421.131,8.5,423.2,2.0113582584003784,2017,12,4,Wednesday,False,411.2,433.13699999999994,False,False,Neutral,8025455.65,True
2017-12-21,TATAMOTORS,424.0,426.05,419.55,420.8,422.6,4885225,2061605756.45,422.01,54454.0,-0.4259346900142005,409.585,421.14399999999995,6.5,422.1333333333334,1.5446768060836502,2017,12,4,Thursday,False,414.88,432.90299999999996,False,False,Neutral,7901006.1,False
2017-12-22,TATAMOTORS,422.05,426.4,420.9,422.0,420.8,5345261,2264692732.7,423.68,62188.0,0.2851711026615942,409.40999999999997,421.08799999999997,5.5,423.09999999999997,1.3033175355450237,2017,12,4,Friday,False,418.26000000000005,432.6675,False,False,Neutral,7912860.05,False
2017-12-26,TATAMOTORS,422.0,425.15,421.15,424.2,422.0,3700655,1566613536.35,423.33,43634.0,0.5213270142180068,409.55,420.83099999999996,4.0,423.5,0.942951438000943,2017,12,4,Tuesday,False,421.94000000000005,432.43975,False,False,Neutral,7700591.4,False
2017-12-27,TATAMOTORS,423.5,428.45,420.3,422.45,424.2,3673355,1561203790.1,425.01,42770.0,-0.4125412541254126,409.875,420.634,8.149999999999977,423.73333333333335,1.9292223931826196,2017,12,4,Wednesday,False,422.41,432.18475000000007,False,False,Neutral,7573385.15,False
2017-12-27,TATAMOTORS,423.5,428.45,420.3,422.45,424.2,3673355,1561203790.1,425.01,42770.0,-0.4125412541254126,410.3,420.41900000000004,8.149999999999977,423.73333333333335,1.9292223931826196,2017,12,4,Wednesday,False,422.38,431.89225,False,False,Neutral,7540680.25,False
2017-12-28,TATAMOTORS,423.5,423.7,416.0,418.6,422.45,5018893,2106980564.3,419.81,37930.0,-0.9113504556752198,411.02250000000004,420.25199999999995,7.699999999999989,419.4333333333334,1.8394648829431408,2017,12,4,Thursday,False,421.93999999999994,431.60274999999996,False,False,Neutral,6509311.8,False
2017-12-29,TATAMOTORS,418.0,433.45,417.15,431.85,418.6,8640908,3692596132.45,427.34,83507.0,3.165312947921643,412.66999999999996,420.434,16.30000000000001,427.4833333333333,3.774458724094017,2017,12,4,Friday,False,423.90999999999997,431.38199999999995,False,False,Moderate_Positive,6543397.35,True
